name,url
Alaska ShoreZone,http://mbon.ioos.us/#module-metadata/77d1b982-ad6a-11e3-9564-00219bfe5678
Arctic Breeding Bird Conditions Survey (ABBSC),http://mbon.ioos.us/#module-metadata/ad7125ca-ea24-11e0-a21c-0019b9dae22b
Arctic Marine Synthesis,http://mbon.ioos.us/#module-metadata/8c6e3c7c-4294-11e2-bc24-00219bfe5678
Audubon Alaska Important Bird Areas (IBAs),http://mbon.ioos.us/#module-metadata/9032a8a0-2eee-11e4-b21c-00219bfe5678
Benthic Habitat,http://mbon.ioos.us/#module-metadata/34bc8e32-d17d-11e4-a0eb-00265529168c
Bering Arctic Subarctic Integrated Survey (BASIS),http://mbon.ioos.us/#module-metadata/d4fe79aa-75b6-11e4-956f-00265529168c
Birds in the Southeastern Coastal Waters of the US,http://mbon.ioos.us/#module-metadata/0025d034-d1c7-11e5-844b-00265529168c
C-HARM Experimental HAB Forecasts,http://mbon.ioos.us/#module-metadata/fff184a0-d1e0-11e4-9003-00265529168c
CDFW Predicted Benthic Substrate,http://mbon.ioos.us/#module-metadata/a3e18434-a218-11e2-b2f1-00219bfe5678
California Cooperative Oceanic Fisheries Investigations (CalCOFI),http://mbon.ioos.us/#module-metadata/1a1a7812-48f9-4325-8ad0-e51e67e366ba
California Marine Protected Areas (MPAs),http://mbon.ioos.us/#module-metadata/6c322c0e-fd71-11e3-91cb-00219bfe5678
Coral,http://mbon.ioos.us/#module-metadata/34bc8f54-d17d-11e4-a0ed-00265529168c
Coral Habitat Marine Protected Area,http://mbon.ioos.us/#module-metadata/0025cf44-d1c7-11e5-8449-00265529168c
Coupled Northwest Atlantic Prediction System (CNAPS),http://mbon.ioos.us/#module-metadata/4bc223e1-6b14-46f5-9832-f8e9ff061a36
Critical Marine Habitat Southeast United States,http://mbon.ioos.us/#module-metadata/4dddc00c-0656-11e6-bea7-00265529168c
Diamondback Terrapin Collection,http://mbon.ioos.us/#module-metadata/e72eea94-7059-11e5-99ec-00265529168c
Environmental Sensitivity Index Map - AK,http://mbon.ioos.us/#module-metadata/8abd5ff6-c02a-11e3-9940-00219bfe5678
Environmental Sensitivity Index Map - CA,http://mbon.ioos.us/#module-metadata/8c6e44e2-4294-11e2-ba3b-00219bfe5678
Environmental Sensitivity Index Map - Southeastern United States,http://mbon.ioos.us/#module-metadata/412c66e6-bd2e-11e4-a959-00265529168c
Essential Fish Habitat,http://mbon.ioos.us/#module-metadata/34bc8eb4-d17d-11e4-a0ec-00265529168c
Essential Fish Habitat - Alaska,http://mbon.ioos.us/#module-metadata/8c6e4e6a-4294-11e2-9c9e-00219bfe5678
Essential Fish Habitat - Habitat Areas of Particular Concern,http://mbon.ioos.us/#module-metadata/903dd6d6-ca0f-11e5-93ef-00265529168c
Florida Acropora Coral Surveys,http://mbon.ioos.us/#module-metadata/8eddb441-b1ed-4115-a72c-a3eb73032e29
Florida Artificial Reefs,http://mbon.ioos.us/#module-metadata/e72edf86-7059-11e5-99ea-00265529168c
Florida Coral Reef Evaluation & Monitoring Project (CREMP),http://mbon.ioos.us/#module-metadata/b729cdde-af51-4df3-bb19-88dd58503530
Florida Fish and Wildlife Management,http://mbon.ioos.us/#module-metadata/4ddd3d9e-0656-11e6-bea6-00265529168c
Florida Fisheries-Independent Monitoring Surveys,http://mbon.ioos.us/#module-metadata/ed1b25fa-2e08-4afd-93f4-ed206dd0d15e
Florida Keys National Marine Sanctuary Observed Fish Aggregations,http://mbon.ioos.us/#module-metadata/e72ee9b8-7059-11e5-99eb-00265529168c
Florida Keys National Marine Sanctuary Region,http://mbon.ioos.us/#module-metadata/28f7a732-e922-11e4-8387-00265529168c
Florida Keys National Marine Sanctuary Region 2016,http://mbon.ioos.us/#module-metadata/a83a624a-1091-11e6-bfdc-00265529168c
Florida Keys Reef Fish Visual Census,http://mbon.ioos.us/#module-metadata/53cb8d58-ae4d-43e1-aea3-640db9491db2
Florida Keys Shallow Banks,http://mbon.ioos.us/#module-metadata/4dddc110-0656-11e6-bea8-00265529168c
Florida Rare Fish Surveys,http://mbon.ioos.us/#module-metadata/e22fbb2d-9ff9-46f1-8edd-448649db796a
Florida Tidal Flats,http://mbon.ioos.us/#module-metadata/e72eeb2a-7059-11e5-99ed-00265529168c
GHRSST Global G1SST Sea Surface Temperature (1km),http://mbon.ioos.us/#module-metadata/6e82f0d0-8717-11e4-a9f3-00265529168c
HF Radar Hourly Surface Currents (1km),http://mbon.ioos.us/#module-metadata/d8859942-c376-11e4-b630-00265529168c
HF Radar Hourly Surface Currents (2km),http://mbon.ioos.us/#module-metadata/b1f30558-c376-11e4-b62f-00265529168c
HF Radar Hourly Surface Currents (6km),http://mbon.ioos.us/#module-metadata/6040e1f8-c376-11e4-b62d-00265529168c
Harmful Algal Blooms,http://mbon.ioos.us/#module-metadata/f7020cf2-be03-11e4-a759-00265529168c
MBARI Phytoplankton,http://mbon.ioos.us/#module-metadata/fd0a39ba-adc9-41fe-8eb9-bb52565bc12f
"MODIS Aqua Chlorophyll-a, 1 DAY Composite (1/80°)",http://mbon.ioos.us/#module-metadata/8899968a-2567-11e3-89f6-00219bfe5678
"MODIS Aqua Chlorophyll-a, 1 MONTH Composite (1/80°)",http://mbon.ioos.us/#module-metadata/8bcea930-2567-11e3-affb-00219bfe5678
"MODIS Aqua Chlorophyll-a, 8 DAY Composite (1/80°)",http://mbon.ioos.us/#module-metadata/8a33cf06-2567-11e3-9bc7-00219bfe5678
"Manatee Research, Florida",http://mbon.ioos.us/#module-metadata/9532917c-bc78-11e4-8786-00265529168c
Marine Mammal Health,http://mbon.ioos.us/#module-metadata/79910598-ec49-11e3-a4d8-00219bfe5678
Marine Mammal Observations and Models - Southeastern US,http://mbon.ioos.us/#module-metadata/0025c4ea-d1c7-11e5-8445-00265529168c
Marine Protected Areas Inventory,http://mbon.ioos.us/#module-metadata/65bcecb3-fc57-4f7a-b402-38d656c32167
Monterey Bay National Marine Sanctuary Region,http://mbon.ioos.us/#module-metadata/6ebd082a-e922-11e4-8388-00265529168c
Monterey Bay National Marine Sanctuary Region 2016,http://mbon.ioos.us/#module-metadata/4bccb264-1092-11e6-bfdd-00265529168c
NCSU SABGOM Model,http://mbon.ioos.us/#module-metadata/6e45a5cc-d1e5-11e4-9004-00265529168c
NCSU US East,http://mbon.ioos.us/#module-metadata/2a101584-cf35-11e4-9956-00265529168c
NMFS Critical Habitat Areas,http://mbon.ioos.us/#module-metadata/8c6e46ea-4294-11e2-8a0d-00219bfe5678
National Benthic Inventory,http://mbon.ioos.us/#module-metadata/e72eebb6-7059-11e5-99ee-00265529168c
Oculina Bank Marine Protected Area,http://mbon.ioos.us/#module-metadata/0025cfbc-d1c7-11e5-844a-00265529168c
Pacific Marine Arctic Regional Synthesis (PacMARS),http://mbon.ioos.us/#module-metadata/bb2165a0-5965-11e4-beef-00265529168c
Patch Reefs of Southeast Florida,http://mbon.ioos.us/#module-metadata/bab0133e-7118-11e5-82a1-00265529168c
RUSALCA Fish Communities,http://mbon.ioos.us/#module-metadata/d3bbc7ec-c409-11e2-90ca-00219bfe5678
RUSALCA Megabenthos Trawls,http://mbon.ioos.us/#module-metadata/d3bbcdbe-c409-11e2-aece-00219bfe5678
RUSALCA Zooplankton Nets,http://mbon.ioos.us/#module-metadata/248e1ba6-c3f7-11e2-aca9-00219bfe5678
RUSALCA Zooplankton Synthesis,http://mbon.ioos.us/#module-metadata/ce145cc6-b243-11e4-a865-00265529168c
SECOORA Fisheries and Wildlife Monitoring,http://mbon.ioos.us/#module-metadata/07a25110-e19e-4ad4-b29c-a6978b68a90d
SECOORA Real-time Sensors,http://mbon.ioos.us/#module-metadata/ff69a8ca-c75c-11e4-b5fd-00265529168c
Saltmarsh and Mangrove Vegetation,http://mbon.ioos.us/#module-metadata/34bc7faa-d17d-11e4-a0e7-00265529168c
Seagrass patches,http://mbon.ioos.us/#module-metadata/412c67ea-bd2e-11e4-a95b-00265529168c
South Atlantic Bight and Gulf of Mexico (SABGOM),http://mbon.ioos.us/#module-metadata/9cf0615d-948a-46f8-ad4b-73c887b9eaa3
Southeast Bathymetry,http://mbon.ioos.us/#module-metadata/34bc8da6-d17d-11e4-a0ea-00265529168c
Synthesis of Important Areas in the U.S. Beaufort Sea,http://mbon.ioos.us/#module-metadata/acb0b6e6-2544-11e5-bf16-00265529168c
Turtle Nest Densities on the Southeastern Coast of the US,http://mbon.ioos.us/#module-metadata/2a50c456-be0c-11e4-9496-00265529168c
UAF/CMI-BOEM Historical Distribution and Ecology of Demersal Fishes in the Chukchi Sea,http://mbon.ioos.us/#module-metadata/c83d6c3b-040e-4d3a-a2ec-f797adcac385
UF 2D NAM Model,http://mbon.ioos.us/#module-metadata/02a341b4-d25b-11e4-99b2-00265529168c
UF 3D NAM East Coast,http://mbon.ioos.us/#module-metadata/80b26610-d0db-11e4-b1cf-00265529168c
UF 3D NAM Northern Gulf,http://mbon.ioos.us/#module-metadata/f7b01d0a-d0dd-11e4-b1d2-00265529168c
UF 3D NAM Southwest,http://mbon.ioos.us/#module-metadata/04b64dc8-d0e6-11e4-acf3-00265529168c
USF FVCOM,http://mbon.ioos.us/#module-metadata/dc1c509e-d25a-11e4-a789-00265529168c
USF West Florida Shelf (WFS) Nowcast/Forecast,http://mbon.ioos.us/#module-metadata/b29eb456-d029-11e4-a8c3-00265529168c
USFWS Aleutian Island Seabird Vulnerability Assessment,http://mbon.ioos.us/#module-metadata/0a5e7b9e-beac-11e3-90db-00219bfe5678
USFWS Seabird Studies,http://mbon.ioos.us/#module-metadata/ad712322-ea24-11e0-8504-0019b9dae22b
Wading Bird Rookeries - Florida,http://mbon.ioos.us/#module-metadata/412c6768-bd2e-11e4-a95a-00265529168c
Arctic Marine Biodiversity Observing Network (AMBON): CTD data,http://mbon.ioos.us/#metadata/d3b1bec1-600a-4643-a610-ff83ac6853d0/project
Arctic Marine Biodiversity Observing Network (AMBON): Fish data,http://mbon.ioos.us/#metadata/8f262403-8de6-4128-9857-9798d062c2b5/project
Arctic Marine Biodiversity Observing Network (AMBON): Sediment characteristics,http://mbon.ioos.us/#metadata/2471d1e2-a08a-4c96-bc50-112b6dbcaaf7/project
Arctic Marine Biodiversity Observing Network (AMBON): Water column and benthic processes,http://mbon.ioos.us/#metadata/dac64be5-67c5-44a8-aed0-c79353f436e3/project
